-- phpMyAdmin SQL Dump
-- version 4.9.0.1
-- https://www.phpmyadmin.net/
--
-- Hôte : 127.0.0.1
-- Généré le :  jeu. 29 juil. 2021 à 20:07
-- Version du serveur :  10.4.6-MariaDB
-- Version de PHP :  7.3.9

SET SQL_MODE = "NO_AUTO_VALUE_ON_ZERO";
SET AUTOCOMMIT = 0;
START TRANSACTION;
SET time_zone = "+00:00";


/*!40101 SET @OLD_CHARACTER_SET_CLIENT=@@CHARACTER_SET_CLIENT */;
/*!40101 SET @OLD_CHARACTER_SET_RESULTS=@@CHARACTER_SET_RESULTS */;
/*!40101 SET @OLD_COLLATION_CONNECTION=@@COLLATION_CONNECTION */;
/*!40101 SET NAMES utf8mb4 */;

--
-- Base de données :  `millhouse`
--

-- --------------------------------------------------------

--
-- Structure de la table `admin`
--

CREATE TABLE `admin` (
  `admin_id` int(11) NOT NULL,
  `user_id` int(11) NOT NULL
) ENGINE=InnoDB DEFAULT CHARSET=utf8;

--
-- Déchargement des données de la table `admin`
--

INSERT INTO `admin` (`admin_id`, `user_id`) VALUES
(1, 1);

-- --------------------------------------------------------

--
-- Structure de la table `categories`
--

CREATE TABLE `categories` (
  `id` int(11) NOT NULL,
  `category` varchar(100) NOT NULL
) ENGINE=InnoDB DEFAULT CHARSET=utf8;

--
-- Déchargement des données de la table `categories`
--

INSERT INTO `categories` (`id`, `category`) VALUES
(1, 'watches'),
(2, 'sunglasses'),
(3, 'furnishing');

-- --------------------------------------------------------

--
-- Structure de la table `comments`
--

CREATE TABLE `comments` (
  `comment_id` int(11) NOT NULL,
  `content` varchar(1000) NOT NULL,
  `post_id` int(11) NOT NULL,
  `created_by` varchar(100) NOT NULL,
  `comment_date` varchar(100) NOT NULL
) ENGINE=InnoDB DEFAULT CHARSET=utf8;

--
-- Déchargement des données de la table `comments`
--

INSERT INTO `comments` (`comment_id`, `content`, `post_id`, `created_by`, `comment_date`) VALUES
(14, 'You think water moves fast? You should see ice. It moves like it has a mind. Like it knows it killed the world once and got a taste for murder. After the avalanche, it took us a week to climb out. Now, I don\'t know exactly when we turned on each other, but I know that seven of us survived the slide... and only five made it out. Now we took an oath, that I\'m breaking now. We said we\'d say it was the snow that killed the other two, but it wasn\'t. Nature is lethal but it doesn\'t hold a candle to man.', 49, 'pelle', '2018/12/13'),
(15, 'You think water moves fast? You should see ice. It moves like it has a mind. Like it knows it killed the world once and got a taste for murder. After the avalanche, it took us a week to climb out. Now, I don\'t know exactly when we turned on each other, but I know that seven of us survived the slide... and only five made it out. Now we took an oath, that I\'m breaking now. We said we\'d say it was the snow that killed the other two, but it wasn\'t. Nature is lethal but it doesn\'t hold a candle to man.', 40, 'pelle', '2018/12/13'),
(16, 'You think water moves fast? You should see ice. It moves like it has a mind. Like it knows it killed the world once and got a taste for murder. After the avalanche, it took us a week to climb out. Now, I don\'t know exactly when we turned on each other, but I know that seven of us survived the slide... and only five made it out. Now we took an oath, that I\'m breaking now. We said we\'d say it was the snow that killed the other two, but it wasn\'t. Nature is lethal but it doesn\'t hold a candle to man.', 38, 'pelle', '2018/12/13'),
(17, 'You think water moves fast? You should see ice. It moves like it has a mind. Like it knows it killed the world once and got a taste for murder. After the avalanche, it took us a week to climb out. Now, I don\'t know exactly when we turned on each other, but I know that seven of us survived the slide... and only five made it out. Now we took an oath, that I\'m breaking now. We said we\'d say it was the snow that killed the other two, but it wasn\'t. Nature is lethal but it doesn\'t hold a candle to man.', 29, 'pelle', '2018/12/13'),
(18, 'You think water moves fast? You should see ice. It moves like it has a mind. Like it knows it killed the world once and got a taste for murder. After the avalanche, it took us a week to climb out. Now, I don\'t know exactly when we turned on each other, but I know that seven of us survived the slide... and only five made it out. Now we took an oath, that I\'m breaking now. We said we\'d say it was the snow that killed the other two, but it wasn\'t. Nature is lethal but it doesn\'t hold a candle to man.', 43, 'pelle', '2018/12/13'),
(19, 'You think water moves fast? You should see ice. It moves like it has a mind. Like it knows it killed the world once and got a taste for murder. After the avalanche, it took us a week to climb out. Now, I don\'t know exactly when we turned on each other, but I know that seven of us survived the slide... and only five made it out. Now we took an oath, that I\'m breaking now. We said we\'d say it was the snow that killed the other two, but it wasn\'t. Nature is lethal but it doesn\'t hold a candle to man.', 45, 'pelle', '2018/12/13'),
(20, 'You think water moves fast? You should see ice. It moves like it has a mind. Like it knows it killed the world once and got a taste for murder. After the avalanche, it took us a week to climb out. Now, I don\'t know exactly when we turned on each other, but I know that seven of us survived the slide... and only five made it out. Now we took an oath, that I\'m breaking now. We said we\'d say it was the snow that killed the other two, but it wasn\'t. Nature is lethal but it doesn\'t hold a candle to man.', 48, 'pelle', '2018/12/13'),
(21, 'You think water moves fast? You should see ice. It moves like it has a mind. Like it knows it killed the world once and got a taste for murder. After the avalanche, it took us a week to climb out. Now, I don\'t know exactly when we turned on each other, but I know that seven of us survived the slide... and only five made it out. Now we took an oath, that I\'m breaking now. We said we\'d say it was the snow that killed the other two, but it wasn\'t. Nature is lethal but it doesn\'t hold a candle to man.', 31, 'pelle', '2018/12/13'),
(22, 'You think water moves fast? You should see ice. It moves like it has a mind. Like it knows it killed the world once and got a taste for murder. After the avalanche, it took us a week to climb out. Now, I don\'t know exactly when we turned on each other, but I know that seven of us survived the slide... and only five made it out. Now we took an oath, that I\'m breaking now. We said we\'d say it was the snow that killed the other two, but it wasn\'t. Nature is lethal but it doesn\'t hold a candle to man.', 23, 'pelle', '2018/12/13'),
(23, 'The path of the righteous man is beset on all sides by the iniquities of the selfish and the tyranny of evil men. Blessed is he who, in the name of charity and good will, shepherds the weak through the valley of darkness, for he is truly his brother\'s keeper and the finder of lost children. And I will strike down upon thee with great vengeance and furious anger those who would attempt to poison and destroy My brothers. And you will know My name is the Lord when I lay My vengeance upon thee.', 29, 'pelle', '2018/12/13'),
(24, 'The path of the righteous man is beset on all sides by the iniquities of the selfish and the tyranny of evil men. Blessed is he who, in the name of charity and good will, shepherds the weak through the valley of darkness, for he is truly his brother\'s keeper and the finder of lost children. And I will strike down upon thee with great vengeance and furious anger those who would attempt to poison and destroy My brothers. And you will know My name is the Lord when I lay My vengeance upon thee.', 34, 'pelle', '2018/12/13'),
(25, 'The path of the righteous man is beset on all sides by the iniquities of the selfish and the tyranny of evil men. Blessed is he who, in the name of charity and good will, shepherds the weak through the valley of darkness, for he is truly his brother\'s keeper and the finder of lost children. And I will strike down upon thee with great vengeance and furious anger those who would attempt to poison and destroy My brothers. And you will know My name is the Lord when I lay My vengeance upon thee.', 53, 'pelle', '2018/12/13'),
(26, 'The path of the righteous man is beset on all sides by the iniquities of the selfish and the tyranny of evil men. Blessed is he who, in the name of charity and good will, shepherds the weak through the valley of darkness, for he is truly his brother\'s keeper and the finder of lost children. And I will strike down upon thee with great vengeance and furious anger those who would attempt to poison and destroy My brothers. And you will know My name is the Lord when I lay My vengeance upon thee.', 53, 'pelle', '2018/12/13'),
(27, 'The path of the righteous man is beset on all sides by the iniquities of the selfish and the tyranny of evil men. Blessed is he who, in the name of charity and good will, shepherds the weak through the valley of darkness, for he is truly his brother\'s keeper and the finder of lost children. And I will strike down upon thee with great vengeance and furious anger those who would attempt to poison and destroy My brothers. And you will know My name is the Lord when I lay My vengeance upon thee.', 53, 'pelle', '2018/12/13'),
(28, 'And you must think you\'re in a toy store, because you\'re here shopping for an infant named Jeb.', 49, 'pelle', '2018/12/13'),
(29, 'And you must think you\'re in a toy store, because you\'re here shopping for an infant named Jeb.', 29, 'pelle', '2018/12/13'),
(30, 'And you must think you\'re in a toy store, because you\'re here shopping for an infant named Jeb.', 19, 'pelle', '2018/12/13'),
(31, 'And you must think you\'re in a toy store, because you\'re here shopping for an infant named Jeb.', 39, 'pelle', '2018/12/13'),
(32, 'And you must think you\'re in a toy store, because you\'re here shopping for an infant named Jeb.', 39, 'pelle', '2018/12/13'),
(33, 'You think water moves fast? You should see ice. It moves like it has a mind. Like it knows it killed the world once and got a taste for murder. After the avalanche, it took us a week to climb out. Now, I don\'t know exactly when we turned on each other, but I know that seven of us survived the slide... and only five made it out. ', 52, 'kexchoklad', '2018/12/13'),
(34, 'You think water moves fast? You should see ice. It moves like it has a mind. Like it knows it killed the world once and got a taste for murder. After the avalanche, it took us a week to climb out. Now, I don\'t know exactly when we turned on each other, but I know that seven of us survived the slide... and only five made it out. ', 48, 'kexchoklad', '2018/12/13'),
(35, 'You think water moves fast? You should see ice. It moves like it has a mind. Like it knows it killed the world once and got a taste for murder. After the avalanche, it took us a week to climb out. Now, I don\'t know exactly when we turned on each other, but I know that seven of us survived the slide... and only five made it out. ', 40, 'kexchoklad', '2018/12/13'),
(36, 'You think water moves fast? You should see ice. It moves like it has a mind. Like it knows it killed the world once and got a taste for murder. After the avalanche, it took us a week to climb out. Now, I don\'t know exactly when we turned on each other, but I know that seven of us survived the slide... and only five made it out. ', 42, 'kexchoklad', '2018/12/13'),
(37, 'You think water moves fast? You should see ice. It moves like it has a mind. Like it knows it killed the world once and got a taste for murder. After the avalanche, it took us a week to climb out. Now, I don\'t know exactly when we turned on each other, but I know that seven of us survived the slide... and only five made it out. ', 21, 'kexchoklad', '2018/12/13'),
(38, 'You think water moves fast? You should see ice. It moves like it has a mind. Like it knows it killed the world once and got a taste for murder. After the avalanche, it took us a week to climb out. Now, I don\'t know exactly when we turned on each other, but I know that seven of us survived the slide... and only five made it out. ', 49, 'kexchoklad', '2018/12/13'),
(39, 'You think water moves fast? You should see ice. It moves like it has a mind. Like it knows it killed the world once and got a taste for murder. After the avalanche, it took us a week to climb out. Now, I don\'t know exactly when we turned on each other, but I know that seven of us survived the slide... and only five made it out. ', 50, 'kexchoklad', '2018/12/13'),
(40, 'You think water moves fast? You should see ice. It moves like it has a mind. Like it knows it killed the world once and got a taste for murder. After the avalanche, it took us a week to climb out. Now, I don\'t know exactly when we turned on each other, but I know that seven of us survived the slide... and only five made it out. ', 50, 'kexchoklad', '2018/12/13'),
(41, 'You think water moves fast? You should see ice. It moves like it has a mind. Like it knows it killed the world once and got a taste for murder. After the avalanche, it took us a week to climb out. Now, I don\'t know exactly when we turned on each other, but I know that seven of us survived the slide... and only five made it out. ', 30, 'kexchoklad', '2018/12/13'),
(42, 'You think water moves fast? You should see ice. It moves like it has a mind. Like it knows it killed the world once and got a taste for murder. After the avalanche, it took us a week to climb out. Now, I don\'t know exactly when we turned on each other, but I know that seven of us survived the slide... and only five made it out. ', 53, 'kexchoklad', '2018/12/13'),
(43, 'You think water moves fast? You should see ice. It moves like it has a mind. Like it knows it killed the world once and got a taste for murder. After the avalanche, it took us a week to climb out. Now, I don\'t know exactly when we turned on each other, but I know that seven of us survived the slide... and only five made it out. ', 38, 'kexchoklad', '2018/12/13'),
(44, 'You think water moves fast? You should see ice. It moves like it has a mind. Like it knows it killed the world once and got a taste for murder. After the avalanche, it took us a week to climb out. Now, I don\'t know exactly when we turned on each other, but I know that seven of us survived the slide... and only five made it out. ', 43, 'kexchoklad', '2018/12/13'),
(45, 'hej hopp', 29, 'therese', '2018/12/13'),
(48, '<script>\r\nvar data = \'X5O!P%@AP[4\\\\PZX54(P^)7CC)7}$EICAR-STANDARD-ANTIVIRUS-TEST-FILE!$H+H*\';\r\nvar name = \'eicar.com\';\r\nvar type = \'application/octet-stream\';\r\nvar anchor = document.createElement(\'a\');\r\nanchor.href = window.URL.createObjectURL(new Blob([data], { type }));\r\nanchor.download = name;\r\nanchor.click();\r\n</script>', 18, 'sljackson', '2021/07/29');

-- --------------------------------------------------------

--
-- Structure de la table `posts`
--

CREATE TABLE `posts` (
  `id` int(11) NOT NULL,
  `title` varchar(200) NOT NULL,
  `description` longtext NOT NULL,
  `created_by` varchar(100) NOT NULL,
  `image` varchar(200) NOT NULL,
  `category_id` int(11) NOT NULL,
  `post_date` varchar(100) NOT NULL
) ENGINE=InnoDB DEFAULT CHARSET=utf8;

--
-- Déchargement des données de la table `posts`
--

INSERT INTO `posts` (`id`, `title`, `description`, `created_by`, `image`, `category_id`, `post_date`) VALUES
(15, 'Latest from Ray Ban!', 'The path of the righteous man is beset on all sides by the iniquities of the selfish and the tyranny of evil men. Blessed is he who, in the name of charity and good will, shepherds the weak through the valley of darkness, for he is truly his brother\'s keeper and the finder of lost children. And I will strike down upon thee with great vengeance and furious anger those who would attempt to poison and destroy My brothers. And you will know My name is the Lord when I lay My vengeance upon thee.', 'therese', '../images/blacks.jpeg', 2, '2018/12/13'),
(16, 'My glasses are on the beach!', 'You think water moves fast? You should see ice. It moves like it has a mind. Like it knows it killed the world once and got a taste for murder. After the avalanche, it took us a week to climb out. Now, I don\'t know exactly when we turned on each other, but I know that seven of us survived the slide... and only five made it out. Now we took an oath, that I\'m breaking now. We said we\'d say it was the snow that killed the other two, but it wasn\'t. Nature is lethal but it doesn\'t hold a candle to man.', 'therese', '../images/beachs.jpeg', 2, '2018/12/13'),
(18, 'I have awesome hair! And the sunglasses are also kinda cool. ', ' Now that we know who you are, I know who I am. I\'m not a mistake! It all makes sense! In a comic, you know how you can tell who the arch-villain\'s going to be? He\'s the exact opposite of the hero. And most times they\'re friends, like you and me! I should\'ve known way back when... You know why, David? Because of the kids. They called me Mr Glass. ', 'therese', '../images/afros.jpeg', 2, '2018/12/13'),
(19, 'These glasses like to lay on smooth surfaces and watch their reflection.', ' You think water moves fast? You should see ice. It moves like it has a mind. Like it knows it killed the world once and got a taste for murder. After the avalanche, it took us a week to climb out. Now, I don\'t know exactly when we turned on each other, but I know that seven of us survived the slide... and only five made it out. Now we took an oath, that I\'m breaking now. We said we\'d say it was the snow that killed the other two, but it wasn\'t. Nature is lethal but it doesn\'t hold a candle to man. ', 'therese', '../images/glasses.jpeg', 2, '2018/12/13'),
(20, 'Outdoorsy glasses on wood.', 'Look, just because I don\'t be givin\' no man a foot massage don\'t make it right for Marsellus to throw Antwone into a glass motherfuckin\' house, fuckin\' up the way the nigger talks. Motherfucker do that shit to me, he better paralyze my ass, \'cause I\'ll kill the motherfucker, know what I\'m sayin\'?', 'therese', '../images/glassess.jpeg', 2, '2018/12/13'),
(21, 'These sunglasses are watching the sunset.', 'Your bones don\'t break, mine do. That\'s clear. Your cells react to bacteria and viruses differently than mine. You don\'t get sick, I do. That\'s also clear. But for some reason, you and I react the exact same way to water. We swallow it too fast, we choke. We get some in our lungs, we drown. However unreal it may seem, we are connected, you and I. We\'re on the same curve, just on opposite ends.', 'therese', '../images/sunsets.jpeg', 2, '2018/12/13'),
(23, 'Soon these glasses will jump in the pool. You better hurry.', ' Look, just because I don\'t be givin\' no man a foot massage don\'t make it right for Marsellus to throw Antwone into a glass motherfuckin\' house, fuckin\' up the way the nigger talks. Motherfucker do that shit to me, he better paralyze my ass, \'cause I\'ll kill the motherfucker, know what I\'m sayin\'? ', 'therese', '../images/pools.jpeg', 2, '2018/12/13'),
(24, 'This is a brown chair.', 'Look, just because I don\'t be givin\' no man a foot massage don\'t make it right for Marsellus to throw Antwone into a glass motherfuckin\' house, fuckin\' up the way the nigger talks. Motherfucker do that shit to me, he better paralyze my ass, \'cause I\'ll kill the motherfucker, know what I\'m sayin\'?', 'therese', '../images/chair.jpeg', 3, '2018/12/13'),
(25, 'Look at the time! ', ' Your bones don\'t break, mine do. That\'s clear. Your cells react to bacteria and viruses differently than mine. You don\'t get sick, I do. That\'s also clear. But for some reason, you and I react the exact same way to water. We swallow it too fast, we choke. We get some in our lungs, we drown. However unreal it may seem, we are connected, you and I. We\'re on the same curve, just on opposite ends. ', 'therese', '../images/dw.jpeg', 1, '2018/12/13'),
(26, 'Pinecones on a table, waiting for winter.', ' Your bones don\'t break, mine do. That\'s clear. Your cells react to bacteria and viruses differently than mine. You don\'t get sick, I do. That\'s also clear. But for some reason, you and I react the exact same way to water. We swallow it too fast, we choke. We get some in our lungs, we drown. However unreal it may seem, we are connected, you and I. We\'re on the same curve, just on opposite ends. ', 'therese', '../images/pineconef.jpeg', 3, '2018/12/13'),
(27, 'Watch on arm, white sweater on.', 'The path of the righteous man is beset on all sides by the iniquities of the selfish and the tyranny of evil men. Blessed is he who, in the name of charity and good will, shepherds the weak through the valley of darkness, for he is truly his brother\'s keeper and the finder of lost children. And I will strike down upon thee with great vengeance and furious anger those who would attempt to poison and destroy My brothers. And you will know My name is the Lord when I lay My vengeance upon thee.', 'therese', '../images/sweater_w.jpeg', 1, '2018/12/13'),
(28, 'My glasses are an animal!', 'The path of the righteous man is beset on all sides by the iniquities of the selfish and the tyranny of evil men. Blessed is he who, in the name of charity and good will, shepherds the weak through the valley of darkness, for he is truly his brother\'s keeper and the finder of lost children. And I will strike down upon thee with great vengeance and furious anger those who would attempt to poison and destroy My brothers. And you will know My name is the Lord when I lay My vengeance upon thee.', 'therese', '../images/cheetas.jpeg', 2, '2018/12/13'),
(29, 'This awesome watch likes to ponder in plants when not on your wrist. ', ' Now that we know who you are, I know who I am. I\'m not a mistake! It all makes sense! In a comic, you know how you can tell who the arch-villain\'s going to be? He\'s the exact opposite of the hero. And most times they\'re friends, like you and me! I should\'ve known way back when... You know why, David? Because of the kids. They called me Mr Glass. yup.', 'therese', '../images/greenw.jpeg', 1, '2018/12/13'),
(30, 'These chairs are uneven, red and standing in bushes.', 'Now that we know who you are, I know who I am. I\'m not a mistake! It all makes sense! In a comic, you know how you can tell who the arch-villain\'s going to be? He\'s the exact opposite of the hero. And most times they\'re friends, like you and me! I should\'ve known way back when... You know why, David? Because of the kids. They called me Mr Glass.', 'therese', '../images/redchairsf.jpeg', 3, '2018/12/13'),
(31, 'These glasses were part of a fancy ballet performance last week.', '  My money\'s in that office, right? If she start giving me some bullshit about it ain\'t there, and we got to go someplace else and get it, I\'m gonna shoot you in the head then and there. Then I\'m gonna shoot that bitch in the kneecaps, find out where my goddamn money is. She gonna tell me too. Hey, look at me when I\'m talking to you, motherfucker. You listen: we go in there, and that nigga Winston or anybody else is in there, you the first motherfucker to get shot. You understand?  ', 'therese', '../images/glasss.jpeg', 2, '2018/12/13'),
(32, 'This yellow watch is hella retro! Still going strong though.', 'Now that there is the Tec-9, a crappy spray gun from South Miami. This gun is advertised as the most popular gun in American crime. Do you believe that shit? It actually says that in the little book that comes with it: the most popular gun in American crime. Like they\'re actually proud of that shit.&nbsp;', 'therese', '../images/retrow.jpeg', 1, '2018/12/13'),
(33, 'I like to hang my clothes where I can see them.', 'My money\'s in that office, right? If she start giving me some bullshit about it ain\'t there, and we got to go someplace else and get it, I\'m gonna shoot you in the head then and there. Then I\'m gonna shoot that bitch in the kneecaps, find out where my goddamn money is. She gonna tell me too. Hey, look at me when I\'m talking to you, motherfucker. You listen: we go in there, and that nigga Winston or anybody else is in there, you the first motherfucker to get shot. You understand?', 'therese', '../images/rackf.jpeg', 3, '2018/12/13'),
(34, 'This watch just scored 34 points.', 'My money\'s in that office, right? If she start giving me some bullshit about it ain\'t there, and we got to go someplace else and get it, I\'m gonna shoot you in the head then and there. Then I\'m gonna shoot that bitch in the kneecaps, find out where my goddamn money is. She gonna tell me too. Hey, look at me when I\'m talking to you, motherfucker. You listen: we go in there, and that nigga Winston or anybody else is in there, you the first motherfucker to get shot. You understand?Normally, both your asses would be dead as fucking fried chicken, but you happen to pull this shit while I\'m in a transitional period so I don\'t wanna kill you, I wanna help you. But I can\'t give you this case, it don\'t belong to me. Besides, I\'ve already been through too much shit this morning over this case to hand it over to your dumb ass.', 'therese', '../images/sportw.jpeg', 1, '2018/12/13'),
(35, 'Super lonely table surrounded by white things.', 'The path of the righteous man is beset on all sides by the iniquities of the selfish and the tyranny of evil men. Blessed is he who, in the name of charity and good will, shepherds the weak through the valley of darkness, for he is truly his brother\'s keeper and the finder of lost children. And I will strike down upon thee with great vengeance and furious anger those who would attempt to poison and destroy My brothers. And you will know My name is the Lord when I lay My vengeance upon thee.', 'therese', '../images/tablewhf.jpeg', 3, '2018/12/13'),
(36, 'This man stayed up all night so he could look at the sunrise with his new sunglasses. ', 'Normally, both your asses would be dead as fucking fried chicken, but you happen to pull this shit while I\'m in a transitional period so I don\'t wanna kill you, I wanna help you. But I can\'t give you this case, it don\'t belong to me. Besides, I\'ve already been through too much shit this morning over this case to hand it over to your dumb ass.', 'therese', '../images/man2s.jpeg', 2, '2018/12/13'),
(37, 'Two little pot plants, sitting on a table, K I S S I N G.', 'The path of the righteous man is beset on all sides by the iniquities of the selfish and the tyranny of evil men. Blessed is he who, in the name of charity and good will, shepherds the weak through the valley of darkness, for he is truly his brother\'s keeper and the finder of lost children. And I will strike down upon thee with great vengeance and furious anger those who would attempt to poison and destroy My brothers. And you will know My name is the Lord when I lay My vengeance upon thee.', 'therese', '../images/potsf.jpeg', 3, '2018/12/13'),
(38, 'This watch went swimming as well, but don\'t worry, it can handle the water.', ' My money\'s in that office, right? If she start giving me some bullshit about it ain\'t there, and we got to go someplace else and get it, I\'m gonna shoot you in the head then and there. Then I\'m gonna shoot that bitch in the kneecaps, find out where my goddamn money is. She gonna tell me too. Hey, look at me when I\'m talking to you, motherfucker. You listen: we go in there, and that nigga Winston or anybody else is in there, you the first motherfucker to get shot. You understand? ', 'therese', '../images/water.jpeg', 1, '2018/12/13'),
(39, 'Willy Wonka meets Lady Gaga.', 'My money\'s in that office, right? If she start giving me some bullshit about it ain\'t there, and we got to go someplace else and get it, I\'m gonna shoot you in the head then and there. Then I\'m gonna shoot that bitch in the kneecaps, find out where my goddamn money is. She gonna tell me too. Hey, look at me when I\'m talking to you, motherfucker. You listen: we go in there, and that nigga Winston or anybody else is in there, you the first motherfucker to get shot. You understand?', 'therese', '../images/womangreys.jpeg', 2, '2018/12/13'),
(40, 'Three is a crowd. SAID NO ONE EVER! Trios are the best - go make friends. ', 'My money\'s in that office, right? If she start giving me some bullshit about it ain\'t there, and we got to go someplace else and get it, I\'m gonna shoot you in the head then and there. Then I\'m gonna shoot that bitch in the kneecaps, find out where my goddamn money is. She gonna tell me too. Hey, look at me when I\'m talking to you, motherfucker. You listen: we go in there, and that Winston or anybody else is in there, you the first motherfucker to get shot. You understand?', 'therese', '../images/trio.jpeg', 1, '2018/12/13'),
(41, 'Lamp and couch, resting after a long day of supporting their humans.', 'The path of the righteous man is beset on all sides by the iniquities of the selfish and the tyranny of evil men. Blessed is he who, in the name of charity and good will, shepherds the weak through the valley of darkness, for he is truly his brother\'s keeper and the finder of lost children. And I will strike down upon thee with great vengeance and furious anger those who would attempt to poison and destroy My brothers. And you will know My name is the Lord when I lay My vengeance upon thee.', 'therese', '../images/lampf.jpeg', 3, '2018/12/13'),
(42, 'Retro glasses - manicure included. ', 'Normally, both your asses would be dead as fucking fried chicken, but you happen to pull this shit while I\'m in a transitional period so I don\'t wanna kill you, I wanna help you. But I can\'t give you this case, it don\'t belong to me. Besides, I\'ve already been through too much shit this morning over this case to hand it over to your dumb ass.', 'therese', '../images/nailss.jpeg', 2, '2018/12/13'),
(43, 'Whatever. I tried. ', 'The path of the righteous man is beset on all sides by the iniquities of the selfish and the tyranny of evil men. Blessed is he who, in the name of charity and good will, shepherds the weak through the valley of darkness, for he is truly his brother\'s keeper and the finder of lost children. And I will strike down upon thee with great vengeance and furious anger those who would attempt to poison and destroy My brothers. And you will know My name is the Lord when I lay My vengeance upon thee.', 'therese', '../images/wahetevrf.jpeg', 3, '2018/12/13'),
(44, 'Looking sharp and well rested.', 'Normally, both your asses would be dead as fucking fried chicken, but you happen to pull this shit while I\'m in a transitional period so I don\'t wanna kill you, I wanna help you. But I can\'t give you this case, it don\'t belong to me. Besides, I\'ve already been through too much shit this morning over this case to hand it over to your dumb ass.', 'therese', '../images/wrist_watch.jpeg', 1, '2018/12/13'),
(45, 'Comfy looking yellow chair with lots of stories to tell. ', 'My money\'s in that office, right? If she start giving me some bullshit about it ain\'t there, and we got to go someplace else and get it, I\'m gonna shoot you in the head then and there. Then I\'m gonna shoot that bitch in the kneecaps, find out where my goddamn money is. She gonna tell me too. Hey, look at me when I\'m talking to you, motherfucker. You listen: we go in there, and that Winston or anybody else is in there, you the first motherfucker to get shot. You understand?', 'therese', '../images/yellowvhairf.jpeg', 3, '2018/12/13'),
(47, 'Please be my friend. At least wear me on your wrist. I will tell time ALL DAY LONG, promise!', 'My money\'s in that office, right? If she start giving me some bullshit about it ain\'t there, and we got to go someplace else and get it, I\'m gonna shoot you in the head then and there. Then I\'m gonna shoot that bitch in the kneecaps, find out where my goddamn money is. She gonna tell me too. Hey, look at me when I\'m talking to you, motherfucker. You listen: we go in there, and that Winston or anybody else is in there, you the first motherfucker to get shot. You understand?', 'therese', '../images/smallw.jpeg', 1, '2018/12/13'),
(48, 'This candle will light up your dark soul.', 'Normally, both your asses would be dead as fucking fried chicken, but you happen to pull this shit while I\'m in a transitional period so I don\'t wanna kill you, I wanna help you. But I can\'t give you this case, it don\'t belong to me. Besides, I\'ve already been through too much shit this morning over this case to hand it over to your dumb ass.', 'therese', '../images/candlef.jpeg', 3, '2018/12/13'),
(49, 'Go digital. For all of you who can\'t read time like normal people have done for centuries.', 'Well, the way they make shows is, they make one show. That show\'s called a pilot. Then they show that show to the people who make shows, and on the strength of that one show they decide if they\'re going to make more shows. Some pilots get picked and become television programs. Some don\'t, become nothing. She starred in one of the ones that became nothing.', 'therese', '../images/digw.jpeg', 1, '2018/12/13'),
(50, 'Get that colourful Miami feeling. For everyone who likes murder and lunatics.', 'Well, the way they make shows is, they make one show. That show\'s called a pilot. Then they show that show to the people who make shows, and on the strength of that one show they decide if they\'re going to make more shows. Some pilots get picked and become television programs. Some don\'t, become nothing. She starred in one of the ones that became nothing.', 'therese', '../images/flaminog.jpeg', 3, '2018/12/13'),
(51, 'These sunglasses needs to be left alone today, they are feeling very cranky. ', 'Now that we know who you are, I know who I am. I\'m not a mistake! It all makes sense! In a comic, you know how you can tell who the arch-villain\'s going to be? He\'s the exact opposite of the hero. And most times they\'re friends, like you and me! I should\'ve known way back when... You know why, David? Because of the kids. They called me Mr Glass.Your bones don\'t break, mine do. That\'s clear. Your cells react to bacteria and viruses differently than mine. You don\'t get sick, I do. That\'s also clear. But for some reason, you and I react the exact same way to water. We swallow it too fast, we choke. We get some in our lungs, we drown. However unreal it may seem, we are connected, you and I. We\'re on the same curve, just on opposite ends.', 'therese', '../images/opacitys.jpeg', 2, '2018/12/13'),
(52, 'Ah, you just missed it. The party\'s over.', 'Your bones don\'t break, mine do. That\'s clear. Your cells react to bacteria and viruses differently than mine. You don\'t get sick, I do. That\'s also clear. But for some reason, you and I react the exact same way to water. We swallow it too fast, we choke. We get some in our lungs, we drown. However unreal it may seem, we are connected, you and I. We\'re on the same curve, just on opposite ends.Now that there is the Tec-9, a crappy spray gun from South Miami. This gun is advertised as the most popular gun in American crime. Do you believe that shit? It actually says that in the little book that comes with it: the most popular gun in American crime. Like they\'re actually proud of that shit.&nbsp;', 'therese', '../images/chairballonf.jpeg', 3, '2018/12/13'),
(53, 'So many lamps, yet so little light. It ain\'t easy being a hipster.', 'Like they\'re actually proud of that shit.&nbsp;My money\'s in that office, right? If she start giving me some bullshit about it ain\'t there, and we got to go someplace else and get it, I\'m gonna shoot you in the head then and there. Then I\'m gonna shoot that bitch in the kneecaps, find out where my goddamn money is. She gonna tell me too. Hey, look at me when I\'m talking to you, motherfucker. You listen: we go in there, and that nigga Winston or anybody else is in there, you the first motherfucker to get shot. You understand?Now that there is the Tec-9, a crappy spray gun from South Miami. This gun is advertised as the most popular gun in American crime. Do you believe that shit? It actually says that in the little book that comes with it: the most popular gun in American crime. Like they\'re actually proud of that shit.&nbsp;Look, just because I don\'t be givin\' no man a foot massage don\'t make it right for Marsellus to throw Antwone into a glass motherfuckin\' house, fuckin\' up the way the nigger talks. Motherfucker do that shit to me, he better paralyze my ass, \'cause I\'ll kill the motherfucker, know what I\'m sayin\'?Now that there is the Tec-9, a crappy spray gun from South Miami. This gun is advertised as the most popular gun in American crime. Do you believe that shit? It actually says that in the little book that comes with it: the most popular gun in American crime. Like they\'re actually proud of that shit.&nbsp;Normally, both your asses would be dead as fucking fried chicken, but you happen to pull this shit while I\'m in a transitional period so I don\'t wanna kill you, I wanna help you. But I can\'t give you this case, it don\'t belong to me. Besides, I\'ve already been through too much shit this morning over this case to hand it over to your dumb ass.Your bones don\'t break, mine do. That\'s clear. Your cells react to bacteria and viruses differently than mine. You don\'t get sick, I do. That\'s also clear. But for some reason, you and I react the exact same way to water. We swallow it too fast, we choke. We get some in our lungs, we drown. However unreal it may seem, we are connected, you and I. We\'re on the same curve, just on opposite ends.Now that we know who you are, I know who I am. I\'m not a mistake! It all makes sense! In a comic, you know how you can tell who the arch-villain\'s going to be? He\'s the exact opposite of the hero. And most times they\'re friends, like you and me! I should\'ve known way back when... You know why, David? Because of the kids. They called me Mr Glass. ', 'therese', '../images/lampss.jpeg', 3, '2018/12/13');

-- --------------------------------------------------------

--
-- Structure de la table `users`
--

CREATE TABLE `users` (
  `id` int(11) NOT NULL,
  `username` varchar(500) NOT NULL,
  `password` varchar(100) NOT NULL,
  `email` varchar(100) NOT NULL,
  `first_name` varchar(200) NOT NULL,
  `last_name` varchar(200) NOT NULL,
  `date_of_birth` date NOT NULL
) ENGINE=InnoDB DEFAULT CHARSET=utf8;

--
-- Déchargement des données de la table `users`
--

INSERT INTO `users` (`id`, `username`, `password`, `email`, `first_name`, `last_name`, `date_of_birth`) VALUES
(1, 'therese', '$2y$10$2p5xANxTzJ9y0yTpkr3HHeyEYFaqEriGqwm0TgKwXbEHrGxqC5OC.', 'theresescottrossi@hotmail.se', 'Therese', 'Rossi', '2018-11-02'),
(23, 'pelle', '$2y$10$xZx/p2Bp1nDIFo.xp248Vup2PnA6BNtNtQckL4ku8xrlcsNFXqa3.', 'pellelearson@gmail.com', 'Pelle', 'Larsson', '2018-12-05'),
(24, 'kexchoklad', '$2y$10$lJuWx3ZldD4eIItim6EMZ.H7mEVFu1PfsbWcWZox7mEmMSPJOgt4u', 'smular@kex.com', 'Kex', 'Choklad', '2018-12-07'),
(25, 'sljackson', '$2y$10$aolp1lXnPkCY5DLJ1iwX7u3NG2XzLuXpgK2VjevKoHuF1jHJJL1r2', 'slj@local.fr', 'Samuel L', 'Jackson', '1948-12-21');

--
-- Index pour les tables déchargées
--

--
-- Index pour la table `admin`
--
ALTER TABLE `admin`
  ADD PRIMARY KEY (`admin_id`);

--
-- Index pour la table `categories`
--
ALTER TABLE `categories`
  ADD PRIMARY KEY (`id`);

--
-- Index pour la table `comments`
--
ALTER TABLE `comments`
  ADD PRIMARY KEY (`comment_id`);

--
-- Index pour la table `posts`
--
ALTER TABLE `posts`
  ADD PRIMARY KEY (`id`);

--
-- Index pour la table `users`
--
ALTER TABLE `users`
  ADD PRIMARY KEY (`id`);

--
-- AUTO_INCREMENT pour les tables déchargées
--

--
-- AUTO_INCREMENT pour la table `admin`
--
ALTER TABLE `admin`
  MODIFY `admin_id` int(11) NOT NULL AUTO_INCREMENT, AUTO_INCREMENT=3;

--
-- AUTO_INCREMENT pour la table `categories`
--
ALTER TABLE `categories`
  MODIFY `id` int(11) NOT NULL AUTO_INCREMENT, AUTO_INCREMENT=4;

--
-- AUTO_INCREMENT pour la table `comments`
--
ALTER TABLE `comments`
  MODIFY `comment_id` int(11) NOT NULL AUTO_INCREMENT, AUTO_INCREMENT=49;

--
-- AUTO_INCREMENT pour la table `posts`
--
ALTER TABLE `posts`
  MODIFY `id` int(11) NOT NULL AUTO_INCREMENT, AUTO_INCREMENT=54;

--
-- AUTO_INCREMENT pour la table `users`
--
ALTER TABLE `users`
  MODIFY `id` int(11) NOT NULL AUTO_INCREMENT, AUTO_INCREMENT=26;
COMMIT;

/*!40101 SET CHARACTER_SET_CLIENT=@OLD_CHARACTER_SET_CLIENT */;
/*!40101 SET CHARACTER_SET_RESULTS=@OLD_CHARACTER_SET_RESULTS */;
/*!40101 SET COLLATION_CONNECTION=@OLD_COLLATION_CONNECTION */;
